Id,brand,model,year,price,weight,category,sub_category,frame,travel_front,travel_rear,wheels,groupset,fork,suspension,motor,battery,Drivetrain,brakes,Brakes2,Spokes,Brake_Levers,Stem,Handlebar,frame_description,suspension_fork_description,rear_shock_description,Rear_Derailleur,Front_Derailleur,Shift_Levers,Cassette,Crank,Bottom_Bracket,Chain,Pedals,Front_Hub,Rear_Hub,Grips,Saddle,Seatpost,Motor3,Battery4,Charger,Rims,Tires,images,geometry_data,size_guide_attribute_1,size_guide_value_1,size_guide_attribute_2,size_guide_value_2,size_guide_attribute_3,size_guide_value_3,size_guide_attribute_4,size_guide_value_4,size_guide_attribute_5,size_guide_value_5,size_guide_attribute_6,size_guide_value_6,size_guide_attribute_7,size_guide_value_7,size_guide_attribute_8,size_guide_value_8,size_guide_attribute_9,size_guide_value_9,size_guide_attribute_10,size_guide_value_10,size_guide_attribute_11,size_guide_value_11,size_guide_attribute_12,size_guide_value_12,url,Image URLs,stack_reach_ratio,bottom_bracket_height,front_center,rake,trail,stack,reach,top_tube_length,seat_tube_angle,seat_tube_length,head_tube_angle,head_tube_length,chainstay_length,wheelbase,bottom_bracket_drop,standover_height,wheels,rider_min_height,rider_max_height,front_travel,rear_travel,title,meta_desc,fit_flexibility_1_10,fit_flexibility_bucket,vfm_score_1_to_10,vfm_score_bucket,build_1_10,build_bucket,aero_1_10,Aero_bucket,Climb_1_10,climb_bucket,suspension_1_10,suspension_bucket,posture_1_10,posture_bucket,torso_angle_deg,responsiveness_1_10,responsiveness_bucket,category_fit,speed_index,speed_bucket,ride_comfort_1_10,ride_comfort_bucket,surface_range,battery_range,battery_bucket
1,Trek,Checkpoint ALR 4 ,2025,1889,9.8 kg,Road,Gravel,Aluminum,,,700c,Apex,,Rigid,,,1 × 11,Mechanical Disc,"Tektro C550 mechanical disc brake, dual piston, flat mount","14g stainless steel, black",,"Size: 49, Bontrager Elite, 31.8mm, Blendr compatible, 7 degree, 70mm length; Size: 52, 54, Bontrager Elite, 31.8mm, Blendr compatible, 7 degree, 80mm length; Size: 56, 58, Bontrager Elite, 31.8mm, Blendr compatible, 7 degree, 90mm length; Size: 61, Bontrager Elite, 31.8mm, Blendr compatible, 7 degree, 100mm length","Size: 49, Bontrager Elite Gravel, 38cm width; Size: 52, Bontrager Elite Gravel, 40cm width; Size: 54, 56, Bontrager Elite Gravel, 42cm width; Size: 58, 61, Bontrager Elite Gravel, 44cm width","300 Series Alpha Aluminum, tapered head tube, Internal cable routing, 3S chain keeper, T47 BB, rack and fender mounts, integrated frame bag mounts, flat mount disc, 142x12mm thru axle","Checkpoint, full carbon, tapered carbon steerer, rack mounts, fender mounts, flat mount disc, 12x100mm thru axle",,"SRAM Apex 1, long cage, 42T max cog",,"SRAM Apex, 11 speed","SRAM PG-1130, 11-42, 11 speed","Size: 49, SRAM Apex 1, 40T, DUB Wide, 165mm length; Size: 52, SRAM Apex 1, 40T, DUB Wide, 170mm length; Size: 54, 56, SRAM Apex 1, 40T, DUB Wide, 172.5mm length; Size: 58, 61, SRAM Apex 1, 40T, DUB Wide, 175mm length","SRAM DUB, T47 threaded, internal bearing","SRAM PC-1130, 11 speed",,"Bontrager alloy, sealed bearing, centerlock disc, 100x12mm thru axle","Bontrager alloy, sealed bearing, centerlock disc, Shimano 11-speed freehub, 142x12mm thru axle",,"Size: 49, 52, Bontrager Verse Comp, steel rails, 155mm width; Size: 54, 56, 58, 61, Bontrager Verse Comp, steel rails, 145mm width","Bontrager alloy, 27.2mm, 12mm offset, 330mm length",,,,"Bontrager Paradigm, Tubeless Ready, 24-hole, 21mm width, Presta valve","Bontrager GR1 Team Issue, Tubeless Ready, Inner Strength casing, aramid bead, 120 tpi, 700x40mm","https://bikes.fan/wp-content/uploads/bike_images/trek-checkpoint-alr-4-2025.jpeg, https://bikes.fan/wp-content/uploads/bike_images/trek-checkpoint-alr-4-2025-1.jpeg, https://bikes.fan/wp-content/uploads/bike_images/trek-checkpoint-alr-4-2025-2.jpeg, https://bikes.fan/wp-content/uploads/bike_images/trek-checkpoint-alr-4-2025-3.jpeg, https://bikes.fan/wp-content/uploads/bike_images/trek-checkpoint-alr-4-2025-4.jpeg, https://bikes.fan/wp-content/uploads/bike_images/trek-checkpoint-alr-4-2025-5.jpeg, https://bikes.fan/wp-content/uploads/bike_images/trek-checkpoint-alr-4-2025-6.jpeg, https://bikes.fan/wp-content/uploads/bike_images/trek-checkpoint-alr-4-2025-7.jpeg, https://bikes.fan/wp-content/uploads/bike_images/trek-checkpoint-alr-4-2025-8.jpeg, https://bikes.fan/wp-content/uploads/bike_images/trek-checkpoint-alr-4-2025-9.jpeg, https://bikes.fan/wp-content/uploads/bike_images/trek-checkpoint-alr-4-2025-10.jpeg, https://bikes.fan/wp-content/uploads/bike_images/trek-checkpoint-alr-4-2025-11.jpeg, https://bikes.fan/wp-content/uploads/bike_images/trek-checkpoint-alr-4-2025-12.jpeg, https://bikes.fan/wp-content/uploads/bike_images/trek-checkpoint-alr-4-2025-13.jpeg, https://bikes.fan/wp-content/uploads/bike_images/trek-checkpoint-alr-4-2025-14.jpeg, https://bikes.fan/wp-content/uploads/bike_images/trek-checkpoint-alr-4-2025-15.jpeg, https://bikes.fan/wp-content/uploads/bike_images/trek-checkpoint-alr-4-2025-16.jpeg, https://bikes.fan/wp-content/uploads/bike_images/trek-checkpoint-alr-4-2025-17.jpeg, https://bikes.fan/wp-content/uploads/bike_images/trek-checkpoint-alr-4-2025-18.jpeg, https://bikes.fan/wp-content/uploads/bike_images/trek-checkpoint-alr-4-2025-19.jpeg, https://bikes.fan/wp-content/uploads/bike_images/trek-checkpoint-alr-4-2025-20.jpeg, https://bikes.fan/wp-content/uploads/bike_images/trek-checkpoint-alr-4-2025-21.jpeg, https://bikes.fan/wp-content/uploads/bike_images/trek-checkpoint-alr-4-2025-22.jpeg, https://bikes.fan/wp-content/uploads/bike_images/trek-checkpoint-alr-4-2025-23.jpeg, https://bikes.fan/wp-content/uploads/bike_images/trek-checkpoint-alr-4-2025-24.jpeg, https://bikes.fan/wp-content/uploads/bike_images/trek-checkpoint-alr-4-2025-25.jpeg, https://bikes.fan/wp-content/uploads/bike_images/trek-checkpoint-alr-4-2025-26.jpeg, https://bikes.fan/wp-content/uploads/bike_images/trek-checkpoint-alr-4-2025-27.jpeg, https://bikes.fan/wp-content/uploads/bike_images/trek-checkpoint-alr-4-2025-28.jpeg, https://bikes.fan/wp-content/uploads/bike_images/trek-checkpoint-alr-4-2025-29.jpeg, https://bikes.fan/wp-content/uploads/bike_images/trek-checkpoint-alr-4-2025-30.jpeg, https://bikes.fan/wp-content/uploads/bike_images/trek-checkpoint-alr-4-2025-31.jpeg, https://bikes.fan/wp-content/uploads/bike_images/trek-checkpoint-alr-4-2025-32.jpeg","Size // 49cm // 52cm // 54cm // 56cm // 58cm // 61cm
Stack Reach Ratio // 1.369 mm // 1.386 mm // 1.417 mm // 1.455 mm // 1.482 mm // 1.532 mm
Bottom Bracket Height // 271 mm // 271 mm // 273 mm // 273 mm // 275 mm // 275 mm
Front Center // 602 mm // 610 mm // 617 mm // 624 mm // 634 mm // 646 mm
Rake // 45 mm // 46 mm // 45 mm // 45 mm // 45 mm // 45 mm
Trail // 74 mm // 71 mm // 70 mm // 67 mm // 66 mm // 65 mm
Stack // 538 mm // 553 mm // 571 mm // 592 mm // 609 mm // 639 mm
Reach // 393 mm // 399 mm // 403 mm // 407 mm // 411 mm // 417 mm
Top Tube Length // 541 mm // 555 mm // 570 mm // 584 mm // 597 mm // 617 mm
Seat Tube Angle // 74.1 ° // 73.7 ° // 73.2 ° // 72.8 ° // 72.5 ° // 72.1 °
Seat Tube Length // 490 mm // 520 mm // 540 mm // 560 mm // 580 mm // 610 mm
Head Tube Angle // 71.2 ° // 71.6 ° // 71.8 ° // 72.2 ° // 72.3 ° // 72.6 °
Head Tube Length // 90 mm // 105 mm // 125 mm // 145 mm // 165 mm // 195 mm
Chainstay Length // 435 mm // 435 mm // 435 mm // 435 mm // 435 mm // 435 mm
Wheelbase // 1025 mm // 1033 mm // 1041 mm // 1048 mm // 1058 mm // 1070 mm
Bottom Bracket Drop // 78 mm // 78 mm // 76 mm // 76 mm // 74 mm // 74 mm
Standover Height // 735 mm // 765 mm // 789 mm // 809 mm // 829 mm // 859 mm
Wheels // 700 // 700 // 700 // 700 // 700 // 700
Rider Min Height // 156 cm // 162 cm // 167 cm // 173 cm // 179 cm // 184 cm
Rider Max Height // 164 cm // 169 cm // 175 cm // 181 cm // 186 cm // 191 cm",49cm,156cm - 164cm,52cm,162cm - 169cm,54cm,167cm - 175cm,56cm,173cm - 181cm,58cm,179cm - 186cm,61cm,184cm - 191cm,,,,,,,,,,,,,https://bikes.fan/trek-checkpoint-alr-4-2025/,,1.436,273,620.5,45,68.5,581.5,405,577,73,550,72,135,435,1044.5,76,799,700,170,178,,,Trek Checkpoint ALR 4  2025,Trek Checkpoint ALR 4  2025 is a great bike. Amaing bike to ride. All weather. Fast and reliable. Few lines like these will be added. Short paragraph. The lines will be 3-4 in total. It will talk about the bike and its performance. Summary of it all.,2,Race specific fit,2,Extreme value for money,3,Weak build,2,Aero,8,Mountain,5,Smooth for downhill,3,Aggressive posture,40,3,Highly responsive even for sharp turns,Everyday city bike and budget friendly,1,Race speed. Very fast,9,Everyday comfort and high suspension,All terrain bike including road,9,Everyday comfort and high suspension
2,Giant,"TCR, Advanced 1 KOM ",2025,2797,,Road,Race,Carbon,,,700c,"Ultegra Di2, 105 Di2",,Rigid,,,2 × 12 Electronic,Hydraulic Disc,"Shimano 105 Di2 hydraulic, Giant MPH rotors [F]160mm, [R]140mm",stainless,Shimano 105 Di2,"Giant Contact AeroLight XS:80mm, S:90mm, M:100mm, M/L:110mm, L:110mm, XL:120mm","Giant Contact XS:40cm, S:40cm, M:42cm, M/L:42cm, L:44cm, XL:44cm","Advanced-Grade Composite, 12x142mm thru-axle, disc","Advanced-Grade Composite, full-composite OverDrive steerer, 12x100mm thru-axle, disc",,Shimano 105 Di2 RD-R8150,Shimano 105 Di2 FD-R8150,Shimano 105 Di2,"Shimano 105, 12-speed, 11x36","Shimano 105, 34/50 XS:170mm, S:170mm, M:172.5mm, M/L:172.5mm, L:175mm, XL:175mm","Shimano, press fit",KMC X12L-1,,12mm thru-axle,12mm thru-axle,Stratus Lite 2.0,Giant Approach,"Giant Variant, composite, -5/+15mm offset",,,,"Giant P-R2, [F]36mm, [R]36mm","Giant Gavia Course 1, tubeless, 700x28, folding","https://bikes.fan/wp-content/uploads/bike_images/giant-tcr-advanced-1-kom-2025.jpeg, https://bikes.fan/wp-content/uploads/bike_images/giant-tcr-advanced-1-kom-2025-1.jpeg, https://bikes.fan/wp-content/uploads/bike_images/giant-tcr-advanced-1-kom-2025-2.jpeg, https://bikes.fan/wp-content/uploads/bike_images/giant-tcr-advanced-1-kom-2025-3.jpeg, https://bikes.fan/wp-content/uploads/bike_images/giant-tcr-advanced-1-kom-2025-4.jpeg, https://bikes.fan/wp-content/uploads/bike_images/giant-tcr-advanced-1-kom-2025-5.jpeg, https://bikes.fan/wp-content/uploads/bike_images/giant-tcr-advanced-1-kom-2025-6.jpeg, https://bikes.fan/wp-content/uploads/bike_images/giant-tcr-advanced-1-kom-2025-7.jpeg, https://bikes.fan/wp-content/uploads/bike_images/giant-tcr-advanced-1-kom-2025-8.jpeg, https://bikes.fan/wp-content/uploads/bike_images/giant-tcr-advanced-1-kom-2025-9.jpeg, https://bikes.fan/wp-content/uploads/bike_images/giant-tcr-advanced-1-kom-2025-10.jpeg, https://bikes.fan/wp-content/uploads/bike_images/giant-tcr-advanced-1-kom-2025-11.jpeg, https://bikes.fan/wp-content/uploads/bike_images/giant-tcr-advanced-1-kom-2025-12.jpeg, https://bikes.fan/wp-content/uploads/bike_images/giant-tcr-advanced-1-kom-2025-13.jpeg, https://bikes.fan/wp-content/uploads/bike_images/giant-tcr-advanced-1-kom-2025-14.jpeg, https://bikes.fan/wp-content/uploads/bike_images/giant-tcr-advanced-1-kom-2025-15.jpeg, https://bikes.fan/wp-content/uploads/bike_images/giant-tcr-advanced-1-kom-2025-16.jpeg, https://bikes.fan/wp-content/uploads/bike_images/giant-tcr-advanced-1-kom-2025-17.jpeg, https://bikes.fan/wp-content/uploads/bike_images/giant-tcr-advanced-1-kom-2025-18.jpeg, https://bikes.fan/wp-content/uploads/bike_images/giant-tcr-advanced-1-kom-2025-19.jpeg, https://bikes.fan/wp-content/uploads/bike_images/giant-tcr-advanced-1-kom-2025-20.jpeg, https://bikes.fan/wp-content/uploads/bike_images/giant-tcr-advanced-1-kom-2025-21.jpeg","Size // XS // SM // MD // MD/LG // LG // XL
Stack Reach Ratio // 1.375 mm // 1.379 mm // 1.405 mm // 1.43 mm // 1.445 mm // 1.447 mm
Bottom Bracket Height // 264 mm // 266 mm // 266 mm // 269 mm // 269 mm // 269 mm
Front Center // 582 mm // 582 mm // 585 mm // 595 mm // 610 mm // 624 mm
Rake // 45 mm // 45 mm // 45 mm // 45 mm // 45 mm // 45 mm
Trail // 72 mm // 64 mm // 59 mm // 59 mm // 59 mm // 59 mm
Stack // 517 mm // 528 mm // 545 mm // 562 mm // 581 mm // 596 mm
Reach // 376 mm // 383 mm // 388 mm // 393 mm // 402 mm // 412 mm
Top Tube Length // 520 mm // 535 mm // 550 mm // 565 mm // 580 mm // 600 mm
Seat Tube Angle // 74.5 ° // 74 ° // 73.5 ° // 73 ° // 73 ° // 72.5 °
Seat Tube Length // 425 mm // 445 mm // 470 mm // 500 mm // 530 mm // 560 mm
Head Tube Angle // 71 ° // 72.3 ° // 73.5 ° // 73 ° // 73 ° // 72.5 °
Head Tube Length // 120 mm // 130 mm // 145 mm // 165 mm // 185 mm // 200 mm
Chainstay Length // 405 mm // 405 mm // 405 mm // 405 mm // 405 mm // 405 mm
Wheelbase // 976 mm // 977 mm // 980 mm // 991 mm // 1006 mm // 1020 mm
Bottom Bracket Drop // 72 mm // 69 mm // 69 mm // 67 mm // 67 mm // 67 mm
Standover Height // 703 mm // 722 mm // 743 mm // 771 mm // 798 mm // 822 mm
Wheels // 700 // 700 // 700 // 700 // 700 // 700
Rider Min Height // 157 cm // 165 cm // 171 cm // 177 cm // 183 cm // 189 cm
Rider Max Height // 169 cm // 175 cm // 181 cm // 187 cm // 193 cm // 199 cm",xs,157cm - 169cm,sm,165cm - 175cm,md,171cm - 181cm,md/lg,177cm - 187cm,lg,183cm - 193cm,xl,189cm - 199cm,,,,,,,,,,,,,https://bikes.fan/giant-tcr-advanced-1-kom-2025/,,1.4175,267.5,590,45,59,553.5,390.5,557.5,73.25,485,73.25,155,405,985.5,68,757,700,174,184,,,"Giant TCR, Advanced 1 KOM  2025","Giant TCR, Advanced 1 KOM  2025 is a great bike. Amaing bike to ride. All weather. Fast and reliable. Few lines like these will be added. Short paragraph. The lines will be 3-4 in total. It will talk about the bike and its performance. Summary of it all.",2,Versatile,2,Low value,5,Strong build,8,Aero race engineered,1,City climbs and mild mountains,6,None,4,Relaxed,16,4,Low,Budget race bike,6,Medium,2,Race aggressive,Mountain,6,Race aggressive
3,Giant,TCR Advanced Pro 2 ,2025,4992,,Road,Race,Carbon,,,700c,"105, Giant",,Rigid,,,2 × 12,Hydraulic Disc,"Shimano 105 hydraulic disc, RT70 160/140mm rotors",Sapim CX-Ray,Shimano 105 hydraulic disc,Giant Contact SL Aerolight,"Giant Contact SL, 10.5 degree flare","Advanced-Grade Composite 12x142mm thru-axle, Disc","Advanced SL-Grade Composite, Full-Composite OverDrive Aero Steerer, 12x100mm thru-axle, Disc",,Shimano 105,Shimano 105,Shimano 105 2x12,"Shimano 105, 11x34","Shimano 105, 36/52 with Giant Power Pro power meter","Shimano, PressFit 71",KMC X12L-1,PEDALS NOT SUPPLIED,"[F] Giant Low Friction Hub, CenterLock, 12mm thru-axle [R] Giant Low Friction Hub, 40t ratchet driver, CenterLock, 12mm thru-axle","[F] Giant Low Friction Hub, CenterLock, 12mm thru-axle [R] Giant Low Friction Hub, 40t ratchet driver, CenterLock, 12mm thru-axle",Giant Stratus Lite 2.0 with gel,Giant Fleet SL 7mm SST Rail With Giant ParticleFlow technology,"Giant Variant, composite, -5/+15mm offset",,,,New Giant SLR 1 40 Carbon Disc Wheel System with GIANT patented DBL (Dynamic Balanced Lacing) technology,"Giant Gavia COURSE 0 Tubeless, 700x25C(28mm effective), 170 TPI, Folding","https://bikes.fan/wp-content/uploads/bike_images/giant-tcr-advanced-pro-2-2025.jpeg, https://bikes.fan/wp-content/uploads/bike_images/giant-tcr-advanced-pro-2-2025-1.jpeg, https://bikes.fan/wp-content/uploads/bike_images/giant-tcr-advanced-pro-2-2025-2.jpeg, https://bikes.fan/wp-content/uploads/bike_images/giant-tcr-advanced-pro-2-2025-3.jpeg, https://bikes.fan/wp-content/uploads/bike_images/giant-tcr-advanced-pro-2-2025-4.jpeg, https://bikes.fan/wp-content/uploads/bike_images/giant-tcr-advanced-pro-2-2025-5.jpeg, https://bikes.fan/wp-content/uploads/bike_images/giant-tcr-advanced-pro-2-2025-6.jpeg, https://bikes.fan/wp-content/uploads/bike_images/giant-tcr-advanced-pro-2-2025-7.jpeg, https://bikes.fan/wp-content/uploads/bike_images/giant-tcr-advanced-pro-2-2025-8.jpeg, https://bikes.fan/wp-content/uploads/bike_images/giant-tcr-advanced-pro-2-2025-9.jpeg, https://bikes.fan/wp-content/uploads/bike_images/giant-tcr-advanced-pro-2-2025-10.jpeg, https://bikes.fan/wp-content/uploads/bike_images/giant-tcr-advanced-pro-2-2025-11.jpeg","Size // SM // MD // MD/LG // LG // XL
Stack Reach Ratio // 1.379 mm // 1.405 mm // 1.43 mm // 1.445 mm // 1.447 mm
Bottom Bracket Height // 266 mm // 266 mm // 269 mm // 269 mm // 269 mm
Front Center // 582 mm // 585 mm // 595 mm // 610 mm // 624 mm
Rake // 45 mm // 45 mm // 45 mm // 45 mm // 45 mm
Trail // 64 mm // 59 mm // 59 mm // 59 mm // 59 mm
Stack // 528 mm // 545 mm // 562 mm // 581 mm // 596 mm
Reach // 383 mm // 388 mm // 393 mm // 402 mm // 412 mm
Top Tube Length // 535 mm // 550 mm // 565 mm // 580 mm // 600 mm
Seat Tube Angle // 74 ° // 73.5 ° // 73 ° // 73 ° // 72.5 °
Seat Tube Length // 445 mm // 470 mm // 500 mm // 530 mm // 560 mm
Head Tube Angle // 72.3 ° // 73.5 ° // 73 ° // 73 ° // 72.5 °
Head Tube Length // 130 mm // 145 mm // 165 mm // 185 mm // 200 mm
Chainstay Length // 405 mm // 405 mm // 405 mm // 405 mm // 405 mm
Wheelbase // 977 mm // 980 mm // 991 mm // 1006 mm // 1020 mm
Bottom Bracket Drop // 69 mm // 69 mm // 67 mm // 67 mm // 67 mm
Standover Height // 722 mm // 743 mm // 771 mm // 798 mm // 822 mm
Wheels // 700 // 700 // 700 // 700 // 700
Rider Min Height // 165 cm // 171 cm // 177 cm // 183 cm // 189 cm
Rider Max Height // 175 cm // 181 cm // 187 cm // 193 cm // 199 cm",sm,165cm - 175cm,md,171cm - 181cm,md/lg,177cm - 187cm,lg,183cm - 193cm,xl,189cm - 199cm,,,,,,,,,,,,,,,https://bikes.fan/giant-tcr-advanced-pro-2-2025/,,1.43,269,595,45,59,562,393,565,73,500,73,165,405,991,67,771,700,177,187,,,Giant TCR Advanced Pro 2  2025,Giant TCR Advanced Pro 2  2025 is a great bike. Amaing bike to ride. All weather. Fast and reliable. Few lines like these will be added. Short paragraph. The lines will be 3-4 in total. It will talk about the bike and its performance. Summary of it all.,8,Race specific,4,Extreme value,8,Weak build,7,Non aero,10,Mountain,2,Smooth,4,Aggressive,19,2,Highly responsive,Everyday city bike,2,Low,1,Everyday,Road,1,Everyday
4,Giant,TCR Advanced SL 1 AXS ,2025,11234,,Road,Race,Carbon,,,700c,Force eTap,,Rigid,,,2 × 12 Electronic,Hydraulic Disc,"SRAM Force AXS HRD, Centreline XR 160/140mm rotors",Giant Aero Carbon Spoke,SRAM Force AXS HRD,Giant Contact SLR Aerolight,"Giant Contact SLR, 10.5 degree flare","Advanced SL-Grade Composite, 12x142mm thru-axle, Integrated Seatpost, Disc","Advanced SL-Grade Composite, Full-Composite OverDrive Aero Steerer, 12x100mm thru-axle, Disc",,SRAM Force AXS,SRAM Force AXS,SRAM Force AXS 2x12,"SRAM Force, XG-1270, 10X36",SRAM Force DUB 33/46 with Quarq power meter,"SRAM DUB, Press Fit",SRAM Force,PEDALS NOT SUPPLIED,"[F] Giant Low Friction Hub, CenterLock, 12mm thru-axle [R] Giant Low Friction Hub, 40t ratchet driver, CenterLock, 12mm thru-axle","[F] Giant Low Friction Hub, CenterLock, 12mm thru-axle [R] Giant Low Friction Hub, 40t ratchet driver, CenterLock, 12mm thru-axle",Giant Stratus Lite 2.0 with gel,Giant Fleet SLR 9mm Carbon Rail With Giant ParticleFlow technology,"Advanced SL-Grade Composite, Integrated Design, ISP Clamps: Standard (25mm) and Long version (45mm) Offset -5/+15mm",,,,New Giant SLR 0 40 Carbon Disc Wheel System with GIANT patented DBL (Dynamic Balanced Lacing) technology,"New CADEX Race GC Tubeless 700x28mm effecitve 170 TPI, Folding","https://bikes.fan/wp-content/uploads/bike_images/giant-tcr-advanced-sl-1-axs-2025.jpeg, https://bikes.fan/wp-content/uploads/bike_images/giant-tcr-advanced-sl-1-axs-2025-1.jpeg, https://bikes.fan/wp-content/uploads/bike_images/giant-tcr-advanced-sl-1-axs-2025-2.jpeg, https://bikes.fan/wp-content/uploads/bike_images/giant-tcr-advanced-sl-1-axs-2025-3.jpeg, https://bikes.fan/wp-content/uploads/bike_images/giant-tcr-advanced-sl-1-axs-2025-4.jpeg, https://bikes.fan/wp-content/uploads/bike_images/giant-tcr-advanced-sl-1-axs-2025-5.jpeg, https://bikes.fan/wp-content/uploads/bike_images/giant-tcr-advanced-sl-1-axs-2025-6.jpeg, https://bikes.fan/wp-content/uploads/bike_images/giant-tcr-advanced-sl-1-axs-2025-7.jpeg, https://bikes.fan/wp-content/uploads/bike_images/giant-tcr-advanced-sl-1-axs-2025-8.jpeg, https://bikes.fan/wp-content/uploads/bike_images/giant-tcr-advanced-sl-1-axs-2025-9.jpeg, https://bikes.fan/wp-content/uploads/bike_images/giant-tcr-advanced-sl-1-axs-2025-10.jpeg, https://bikes.fan/wp-content/uploads/bike_images/giant-tcr-advanced-sl-1-axs-2025-11.jpeg","Size // SM // MD // MD/LG // LG
Stack Reach Ratio // 1.379 mm // 1.405 mm // 1.43 mm // 1.445 mm
Bottom Bracket Height // 266 mm // 266 mm // 269 mm // 269 mm
Front Center // 582 mm // 585 mm // 595 mm // 610 mm
Rake // 45 mm // 45 mm // 45 mm // 45 mm
Trail // 64 mm // 59 mm // 59 mm // 59 mm
Stack // 528 mm // 545 mm // 562 mm // 581 mm
Reach // 383 mm // 388 mm // 393 mm // 402 mm
Top Tube Length // 535 mm // 550 mm // 565 mm // 580 mm
Seat Tube Angle // 74 ° // 73.5 ° // 73 ° // 73 °
Seat Tube Length // 710 mm // 740 mm // 770 mm // 800 mm
Head Tube Angle // 72.3 ° // 73 ° // 73 ° // 73 °
Head Tube Length // 130 mm // 145 mm // 165 mm // 185 mm
Chainstay Length // 405 mm // 405 mm // 405 mm // 405 mm
Wheelbase // 977 mm // 980 mm // 991 mm // 1006 mm
Bottom Bracket Drop // 69 mm // 69 mm // 67 mm // 67 mm
Standover Height // 722 mm // 743 mm // 771 mm // 798 mm
Wheels // 700 // 700 // 700 // 700
Rider Min Height // 165 cm // 171 cm // 177 cm // 183 cm
Rider Max Height // 175 cm // 181 cm // 187 cm // 193 cm",sm,165cm - 175cm,md,171cm - 181cm,md/lg,177cm - 187cm,lg,183cm - 193cm,,,,,,,,,,,,,,,,,https://bikes.fan/giant-tcr-advanced-sl-1-axs-2025/,,1.4175,267.5,590,45,59,553.5,390.5,557.5,73.25,755,73,155,405,985.5,68,757,700,174,184,,,Giant TCR Advanced SL 1 AXS  2025,Giant TCR Advanced SL 1 AXS  2025 is a great bike. Amaing bike to ride. All weather. Fast and reliable. Few lines like these will be added. Short paragraph. The lines will be 3-4 in total. It will talk about the bike and its performance. Summary of it all.,10,Versatile,4,Low value,10,Strong build,3,Aero,2,City climbs,7,None,1,Relaxed,20,2,Low,Budget race bike,6,Race speed,5,Race aggressive,All terrain,8,Race aggressive
5,Giant,TCR Advanced 2 ,2025,2939,,Road,Race,Carbon,,,700c,105,,Rigid,,,2 × 12,Hydraulic Disc,"Shimano 105 hydraulic disc, MPH 160/140mm rotors",Sapim,Shimano 105 hydraulic disc,Giant Contact Aerolight,Giant Contact,"Advanced-Grade Composite 12x142mm thru-axle, Disc","Advanced-Grade Composite, Full-Composite OverDrive Steerer, 12x100mm thru-axle, Disc",,Shimano 105,Shimano 105,Shimano 105 2x12,"Shimano 105, 11x34","Shimano 105, 36/52","Shimano, PressFit 71",KMC X12L-1,PEDALS NOT SUPPLIED,"Giant alloy, 12mm thru-axle","Giant alloy, 12mm thru-axle",Giant Stratus Lite 2.0 with gel,"Giant Approach 7mm Steel Rail, with UniClip / ParticleFlow technology","Giant Variant, composite, -5/+15mm offset",,,,"Giant P-R2 Disc wheelset, alloy, 22mm inner width","Giant Gavia COURSE 1 Tubeless, 700x25C(28mm effective), 60 TPI, Folding","https://bikes.fan/wp-content/uploads/bike_images/giant-tcr-advanced-2-2025.jpeg, https://bikes.fan/wp-content/uploads/bike_images/giant-tcr-advanced-2-2025-1.jpeg, https://bikes.fan/wp-content/uploads/bike_images/giant-tcr-advanced-2-2025-2.jpeg, https://bikes.fan/wp-content/uploads/bike_images/giant-tcr-advanced-2-2025-3.jpeg, https://bikes.fan/wp-content/uploads/bike_images/giant-tcr-advanced-2-2025-4.jpeg, https://bikes.fan/wp-content/uploads/bike_images/giant-tcr-advanced-2-2025-5.jpeg","Size // XS // SM // MD // MD/LG // LG // XL
Stack Reach Ratio // 1.375 mm // 1.379 mm // 1.405 mm // 1.43 mm // 1.445 mm // 1.447 mm
Bottom Bracket Height // 264 mm // 266 mm // 266 mm // 269 mm // 269 mm // 269 mm
Front Center // 582 mm // 582 mm // 585 mm // 595 mm // 610 mm // 624 mm
Rake // 45 mm // 45 mm // 45 mm // 45 mm // 45 mm // 45 mm
Trail // 72 mm // 64 mm // 59 mm // 59 mm // 59 mm // 59 mm
Stack // 517 mm // 528 mm // 545 mm // 562 mm // 581 mm // 596 mm
Reach // 376 mm // 383 mm // 388 mm // 393 mm // 402 mm // 412 mm
Top Tube Length // 520 mm // 535 mm // 550 mm // 565 mm // 580 mm // 600 mm
Seat Tube Angle // 74.5 ° // 74 ° // 73.5 ° // 73 ° // 73 ° // 72.5 °
Seat Tube Length // 425 mm // 445 mm // 470 mm // 500 mm // 530 mm // 560 mm
Head Tube Angle // 71 ° // 72.3 ° // 73.5 ° // 73 ° // 73 ° // 72.5 °
Head Tube Length // 120 mm // 130 mm // 145 mm // 165 mm // 185 mm // 200 mm
Chainstay Length // 405 mm // 405 mm // 405 mm // 405 mm // 405 mm // 405 mm
Wheelbase // 976 mm // 977 mm // 980 mm // 991 mm // 1006 mm // 1020 mm
Bottom Bracket Drop // 72 mm // 69 mm // 69 mm // 67 mm // 67 mm // 67 mm
Standover Height // 703 mm // 722 mm // 743 mm // 771 mm // 798 mm // 822 mm
Wheels // 700 // 700 // 700 // 700 // 700 // 700
Rider Min Height // 157 cm // 165 cm // 171 cm // 177 cm // 183 cm // 189 cm
Rider Max Height // 169 cm // 175 cm // 181 cm // 187 cm // 193 cm // 199 cm",xs,157cm - 169cm,sm,165cm - 175cm,md,171cm - 181cm,md/lg,177cm - 187cm,lg,183cm - 193cm,xl,189cm - 199cm,,,,,,,,,,,,,https://bikes.fan/giant-tcr-advanced-2-2025/,,1.4175,267.5,590,45,59,553.5,390.5,557.5,73.25,485,73.25,155,405,985.5,68,757,700,174,184,,,Giant TCR Advanced 2  2025,Giant TCR Advanced 2  2025 is a great bike. Amaing bike to ride. All weather. Fast and reliable. Few lines like these will be added. Short paragraph. The lines will be 3-4 in total. It will talk about the bike and its performance. Summary of it all.,7,Race specific,3,Extreme value,4,Weak build,7,Aero race,3,Mountain,4,Smooth,1,Aggressive,29,5,Highly responsive,Everyday city bike,3,Medium,3,Everyday,Mountain,9,Everyday
6,Giant,TCR Advanced 1 ,2025,3674,,Road,Race,Carbon,,,700c,105 Di2,,Rigid,,,2 × 12 Electronic,Hydraulic Disc,"Shimano 105 hydraulic disc, MPH 160/140mm rotors",Sapim,Shimano 105 hydraulic disc,Giant Contact Aerolight,Giant Contact,"Advanced-Grade Composite 12x142mm thru-axle, Disc","Advanced-Grade Composite, Full-Composite OverDrive Steerer, 12x100mm thru-axle, Disc",,Shimano 105 Di2,Shimano 105 Di2,Shimano 105 Di2 2x12,"Shimano 105, 11x34","Shimano 105, 36/52","Shimano, PressFit 71",KMC X12L-1,PEDALS NOT SUPPLIED,"Giant alloy, 12mm thru-axle","Giant alloy, 12mm thru-axle",Giant Stratus Lite 2.0 with gel,"Giant Approach 7mm Steel Rail, with UniClip / ParticleFlow technology","Giant Variant, composite, -5/+15mm offset",,,,"Giant P-R2 Disc wheelset, alloy, 22mm inner width","Giant Gavia COURSE 1 Tubeless, 700x25C(28mm effective), 60 TPI, Folding","https://bikes.fan/wp-content/uploads/bike_images/giant-tcr-advanced-1-2025.jpeg, https://bikes.fan/wp-content/uploads/bike_images/giant-tcr-advanced-1-2025-1.jpeg, https://bikes.fan/wp-content/uploads/bike_images/giant-tcr-advanced-1-2025-2.jpeg, https://bikes.fan/wp-content/uploads/bike_images/giant-tcr-advanced-1-2025-3.jpeg, https://bikes.fan/wp-content/uploads/bike_images/giant-tcr-advanced-1-2025-4.jpeg, https://bikes.fan/wp-content/uploads/bike_images/giant-tcr-advanced-1-2025-5.jpeg","Size // SM // MD // MD/LG // LG // XL
Stack Reach Ratio // 1.379 mm // 1.405 mm // 1.43 mm // 1.445 mm // 1.447 mm
Bottom Bracket Height // 266 mm // 266 mm // 269 mm // 269 mm // 269 mm
Front Center // 582 mm // 585 mm // 595 mm // 610 mm // 624 mm
Rake // 45 mm // 45 mm // 45 mm // 45 mm // 45 mm
Trail // 64 mm // 59 mm // 59 mm // 59 mm // 59 mm
Stack // 528 mm // 545 mm // 562 mm // 581 mm // 596 mm
Reach // 383 mm // 388 mm // 393 mm // 402 mm // 412 mm
Top Tube Length // 535 mm // 550 mm // 565 mm // 580 mm // 600 mm
Seat Tube Angle // 74 ° // 73.5 ° // 73 ° // 73 ° // 72.5 °
Seat Tube Length // 445 mm // 470 mm // 500 mm // 530 mm // 560 mm
Head Tube Angle // 72.3 ° // 73.5 ° // 73 ° // 73 ° // 72.5 °
Head Tube Length // 130 mm // 145 mm // 165 mm // 185 mm // 200 mm
Chainstay Length // 405 mm // 405 mm // 405 mm // 405 mm // 405 mm
Wheelbase // 977 mm // 980 mm // 991 mm // 1006 mm // 1020 mm
Bottom Bracket Drop // 69 mm // 69 mm // 67 mm // 67 mm // 67 mm
Standover Height // 722 mm // 743 mm // 771 mm // 798 mm // 822 mm
Wheels // 700 // 700 // 700 // 700 // 700
Rider Min Height // 165 cm // 171 cm // 177 cm // 183 cm // 189 cm
Rider Max Height // 175 cm // 181 cm // 187 cm // 193 cm // 199 cm",sm,165cm - 175cm,md,171cm - 181cm,md/lg,177cm - 187cm,lg,183cm - 193cm,xl,189cm - 199cm,,,,,,,,,,,,,,,https://bikes.fan/giant-tcr-advanced-1-2025/,,1.43,269,595,45,59,562,393,565,73,500,73,165,405,991,67,771,700,177,187,,,Giant TCR Advanced 1  2025,Giant TCR Advanced 1  2025 is a great bike. Amaing bike to ride. All weather. Fast and reliable. Few lines like these will be added. Short paragraph. The lines will be 3-4 in total. It will talk about the bike and its performance. Summary of it all.,1,Versatile,4,Low value,8,Strong build,7,Non aero,6,City climbs,2,None,5,Relaxed,33,4,Low,Budget race bike,3,Low,4,Race aggressive,Road,8,Race aggressive
7,Giant,TCR Advanced 0 Di2 ,2025,4199,,Road,Race,Carbon,,,700c,105 Di2,,Rigid,,,2 × 12 Electronic,Hydraulic Disc,"Shimano 105 hydraulic disc, RT70 160/140mm rotors",Sapim Sprint,Shimano 105 hydraulic disc,Giant Contact Aerolight,Giant Contact,"Advanced-Grade Composite 12x142mm thru-axle, Disc","Advanced-Grade Composite, Full-Composite OverDrive Steerer, 12x100mm thru-axle, Disc",,Shimano 105 Di2,Shimano 105 Di2,Shimano 105 Di2 2x12,"Shimano 105, 11x34","Shimano 105, 36/52","Shimano, PressFit 71",KMC X12L-1,PEDALS NOT SUPPLIED,"[F] Giant Low Friction Hub, CenterLock, 12mm thru-axle [R] Giant Low Friction Hub, 30t pawl driver, CenterLock, 12mm thru-axle","[F] Giant Low Friction Hub, CenterLock, 12mm thru-axle [R] Giant Low Friction Hub, 30t pawl driver, CenterLock, 12mm thru-axle",Giant Stratus Lite 2.0 with gel,"Giant Approach 7mm Steel Rail, with UniClip / ParticleFlow technology","Giant Variant, composite, -5/+15mm offset",,,,Giant SLR 2 36 Carbon Disc Wheel System with GIANT patented DBL (Dynamic Balanced Lacing) technology,"Giant Gavia COURSE 1 Tubeless, 700x25C(28mm effective), 60 TPI, Folding","https://bikes.fan/wp-content/uploads/bike_images/giant-tcr-advanced-0-di2-2025.jpeg, https://bikes.fan/wp-content/uploads/bike_images/giant-tcr-advanced-0-di2-2025-1.jpeg, https://bikes.fan/wp-content/uploads/bike_images/giant-tcr-advanced-0-di2-2025-2.jpeg, https://bikes.fan/wp-content/uploads/bike_images/giant-tcr-advanced-0-di2-2025-3.jpeg, https://bikes.fan/wp-content/uploads/bike_images/giant-tcr-advanced-0-di2-2025-4.jpeg, https://bikes.fan/wp-content/uploads/bike_images/giant-tcr-advanced-0-di2-2025-5.jpeg, https://bikes.fan/wp-content/uploads/bike_images/giant-tcr-advanced-0-di2-2025-6.jpeg, https://bikes.fan/wp-content/uploads/bike_images/giant-tcr-advanced-0-di2-2025-7.jpeg, https://bikes.fan/wp-content/uploads/bike_images/giant-tcr-advanced-0-di2-2025-8.jpeg, https://bikes.fan/wp-content/uploads/bike_images/giant-tcr-advanced-0-di2-2025-9.jpeg, https://bikes.fan/wp-content/uploads/bike_images/giant-tcr-advanced-0-di2-2025-10.jpeg, https://bikes.fan/wp-content/uploads/bike_images/giant-tcr-advanced-0-di2-2025-11.jpeg, https://bikes.fan/wp-content/uploads/bike_images/giant-tcr-advanced-0-di2-2025-12.jpeg, https://bikes.fan/wp-content/uploads/bike_images/giant-tcr-advanced-0-di2-2025-13.jpeg, https://bikes.fan/wp-content/uploads/bike_images/giant-tcr-advanced-0-di2-2025-14.jpeg, https://bikes.fan/wp-content/uploads/bike_images/giant-tcr-advanced-0-di2-2025-15.jpeg, https://bikes.fan/wp-content/uploads/bike_images/giant-tcr-advanced-0-di2-2025-16.jpeg, https://bikes.fan/wp-content/uploads/bike_images/giant-tcr-advanced-0-di2-2025-17.jpeg","Size // SM // MD // MD/LG // LG // XL
Stack Reach Ratio // 1.379 mm // 1.405 mm // 1.43 mm // 1.445 mm // 1.447 mm
Bottom Bracket Height // 266 mm // 266 mm // 269 mm // 269 mm // 269 mm
Front Center // 582 mm // 585 mm // 595 mm // 610 mm // 624 mm
Rake // 45 mm // 45 mm // 45 mm // 45 mm // 45 mm
Trail // 64 mm // 59 mm // 59 mm // 59 mm // 59 mm
Stack // 528 mm // 545 mm // 562 mm // 581 mm // 596 mm
Reach // 383 mm // 388 mm // 393 mm // 402 mm // 412 mm
Top Tube Length // 535 mm // 550 mm // 565 mm // 580 mm // 600 mm
Seat Tube Angle // 74 ° // 73.5 ° // 73 ° // 73 ° // 72.5 °
Seat Tube Length // 445 mm // 470 mm // 500 mm // 530 mm // 560 mm
Head Tube Angle // 72.3 ° // 73.5 ° // 73 ° // 73 ° // 72.5 °
Head Tube Length // 130 mm // 145 mm // 165 mm // 185 mm // 200 mm
Chainstay Length // 405 mm // 405 mm // 405 mm // 405 mm // 405 mm
Wheelbase // 977 mm // 980 mm // 991 mm // 1006 mm // 1020 mm
Bottom Bracket Drop // 69 mm // 69 mm // 67 mm // 67 mm // 67 mm
Standover Height // 722 mm // 743 mm // 771 mm // 798 mm // 822 mm
Wheels // 700 // 700 // 700 // 700 // 700
Rider Min Height // 165 cm // 171 cm // 177 cm // 183 cm // 189 cm
Rider Max Height // 175 cm // 181 cm // 187 cm // 193 cm // 199 cm",sm,165cm - 175cm,md,171cm - 181cm,md/lg,177cm - 187cm,lg,183cm - 193cm,xl,189cm - 199cm,,,,,,,,,,,,,,,https://bikes.fan/giant-tcr-advanced-0-di2-2025/,,1.43,269,595,45,59,562,393,565,73,500,73,165,405,991,67,771,700,177,187,,,Giant TCR Advanced 0 Di2  2025,Giant TCR Advanced 0 Di2  2025 is a great bike. Amaing bike to ride. All weather. Fast and reliable. Few lines like these will be added. Short paragraph. The lines will be 3-4 in total. It will talk about the bike and its performance. Summary of it all.,5,Race specific,9,Extreme value,1,Weak build,9,Aero,8,Mountain,6,Smooth,8,Aggressive,33,10,Highly responsive,Everyday city bike,9,Race speed,10,Everyday,All terrain,1,Everyday
8,Giant,"TCR, Advanced 2 KOM ",2025,2650,,Road,Race,Carbon,,,700c,105,,Rigid,,,2 × 12,Hydraulic Disc,"Shimano 105 hydraulic, Giant MPH rotors [F]160mm, [R]140mm",Sapim stainless,Shimano 105 Di2,Giant Contact AeroLight,Giant Contact,"Advanced-Grade Composite, 12x142mm thru-axle, disc","Advanced-Grade Composite, full-composite OverDrive steerer, 12x100mm thru-axle, disc",,Shimano 105,Shimano 105,Shimano 105,"Shimano 105, 12-speed, 11x36","Shimano 105, 34/50 XS, S:170mm, M, M/L:172.5mm, L, XL:175mm","Shimano RS500, press fit",KMC X12L-1,,12mm thru-axle,12mm thru-axle,Stratus Lite 2.0,Giant Approach,"Giant Variant, composite, -5/+15mm offset",,,,Giant P-R2 alloy Disc wheelset,"Giant Gavia Course 1, tubeless, 700x25c (28mm), 60 TPI, folding","https://bikes.fan/wp-content/uploads/bike_images/giant-tcr-advanced-2-kom-2025.jpeg, https://bikes.fan/wp-content/uploads/bike_images/giant-tcr-advanced-2-kom-2025-1.jpeg, https://bikes.fan/wp-content/uploads/bike_images/giant-tcr-advanced-2-kom-2025-2.jpeg, https://bikes.fan/wp-content/uploads/bike_images/giant-tcr-advanced-2-kom-2025-3.jpeg, https://bikes.fan/wp-content/uploads/bike_images/giant-tcr-advanced-2-kom-2025-4.jpeg, https://bikes.fan/wp-content/uploads/bike_images/giant-tcr-advanced-2-kom-2025-5.jpeg, https://bikes.fan/wp-content/uploads/bike_images/giant-tcr-advanced-2-kom-2025-6.jpeg, https://bikes.fan/wp-content/uploads/bike_images/giant-tcr-advanced-2-kom-2025-7.jpeg, https://bikes.fan/wp-content/uploads/bike_images/giant-tcr-advanced-2-kom-2025-8.jpeg, https://bikes.fan/wp-content/uploads/bike_images/giant-tcr-advanced-2-kom-2025-9.jpeg, https://bikes.fan/wp-content/uploads/bike_images/giant-tcr-advanced-2-kom-2025-10.jpeg, https://bikes.fan/wp-content/uploads/bike_images/giant-tcr-advanced-2-kom-2025-11.jpeg, https://bikes.fan/wp-content/uploads/bike_images/giant-tcr-advanced-2-kom-2025-12.jpeg","Size // XS // SM // MD // MD/LG // LG // XL
Stack Reach Ratio // 1.375 mm // 1.379 mm // 1.405 mm // 1.43 mm // 1.445 mm // 1.447 mm
Bottom Bracket Height // 264 mm // 266 mm // 266 mm // 269 mm // 269 mm // 269 mm
Front Center // 582 mm // 582 mm // 585 mm // 595 mm // 610 mm // 624 mm
Rake // 45 mm // 45 mm // 45 mm // 45 mm // 45 mm // 45 mm
Trail // 72 mm // 64 mm // 59 mm // 59 mm // 59 mm // 59 mm
Stack // 517 mm // 528 mm // 545 mm // 562 mm // 581 mm // 596 mm
Reach // 376 mm // 383 mm // 388 mm // 393 mm // 402 mm // 412 mm
Top Tube Length // 520 mm // 535 mm // 550 mm // 565 mm // 580 mm // 600 mm
Seat Tube Angle // 74.5 ° // 74 ° // 73.5 ° // 73 ° // 73 ° // 72.5 °
Seat Tube Length // 425 mm // 445 mm // 470 mm // 500 mm // 530 mm // 560 mm
Head Tube Angle // 71 ° // 72.3 ° // 73.5 ° // 73 ° // 73 ° // 72.5 °
Head Tube Length // 120 mm // 130 mm // 145 mm // 165 mm // 185 mm // 200 mm
Chainstay Length // 405 mm // 405 mm // 405 mm // 405 mm // 405 mm // 405 mm
Wheelbase // 976 mm // 977 mm // 980 mm // 991 mm // 1006 mm // 1020 mm
Bottom Bracket Drop // 72 mm // 69 mm // 69 mm // 67 mm // 67 mm // 67 mm
Standover Height // 703 mm // 722 mm // 743 mm // 771 mm // 798 mm // 822 mm
Wheels // 700 // 700 // 700 // 700 // 700 // 700
Rider Min Height // 157 cm // 165 cm // 171 cm // 177 cm // 183 cm // 189 cm
Rider Max Height // 169 cm // 175 cm // 181 cm // 187 cm // 193 cm // 199 cm",xs,157cm - 169cm,sm,165cm - 175cm,md,171cm - 181cm,md/lg,177cm - 187cm,lg,183cm - 193cm,xl,189cm - 199cm,,,,,,,,,,,,,https://bikes.fan/giant-tcr-advanced-2-kom-2025/,,1.4175,267.5,590,45,59,553.5,390.5,557.5,73.25,485,73.25,155,405,985.5,68,757,700,174,184,,,"Giant TCR, Advanced 2 KOM  2025","Giant TCR, Advanced 2 KOM  2025 is a great bike. Amaing bike to ride. All weather. Fast and reliable. Few lines like these will be added. Short paragraph. The lines will be 3-4 in total. It will talk about the bike and its performance. Summary of it all.",6,Versatile,1,Low value,9,Strong build,4,Aero race,3,City climbs,4,None,3,Relaxed,35,8,Low,Budget race bike,1,Medium,1,Race aggressive,Mountain,4,Race aggressive
9,Giant,"TCR, Advanced 1 PC ",2025,3674,,Road,Race,Carbon,,,700c,"Ultegra Di2, 105 Di2",,Rigid,,,2 × 12 Electronic,Hydraulic Disc,"Shimano 105 Di2 hydraulic, Giant MPH rotors [F]160mm, [R]140mm",Sapim stainless,Shimano 105 Di2,Giant Contact AeroLight,Giant Contact,"Advanced-Grade Composite, 12x142mm thru-axle, disc","Advanced-Grade Composite, full-composite OverDrive steerer, 12x100mm thru-axle, disc",,Shimano 105 Di2 RD-R8150,Shimano 105 Di2 FD-R8150,Shimano 105 Di2,"Shimano 105, 12-speed, 11x34","Shimano 105, 34/50 XS, S:170mm, M, M/L:172.5mm, L, XL:175mm","Shimano BB71, press fit",KMC X12L-1,,12mm thru-axle,12mm thru-axle,Stratus Lite 2.0,Giant Approach,"Giant Variant, composite, -5/+15mm offset",,,,Giant P-R2 alloy Disc wheelset,"Giant Gavia Course 1, tubeless, 700x25c (28mm), 60 TPI, folding","https://bikes.fan/wp-content/uploads/bike_images/giant-tcr-advanced-1-pc-2025.jpeg, https://bikes.fan/wp-content/uploads/bike_images/giant-tcr-advanced-1-pc-2025-1.jpeg, https://bikes.fan/wp-content/uploads/bike_images/giant-tcr-advanced-1-pc-2025-2.jpeg, https://bikes.fan/wp-content/uploads/bike_images/giant-tcr-advanced-1-pc-2025-3.jpeg, https://bikes.fan/wp-content/uploads/bike_images/giant-tcr-advanced-1-pc-2025-4.jpeg, https://bikes.fan/wp-content/uploads/bike_images/giant-tcr-advanced-1-pc-2025-5.jpeg","Size // XS // SM // MD // MD/LG // LG // XL
Stack Reach Ratio // 1.375 mm // 1.379 mm // 1.405 mm // 1.43 mm // 1.445 mm // 1.447 mm
Bottom Bracket Height // 264 mm // 266 mm // 266 mm // 269 mm // 269 mm // 269 mm
Front Center // 582 mm // 582 mm // 585 mm // 595 mm // 610 mm // 624 mm
Rake // 45 mm // 45 mm // 45 mm // 45 mm // 45 mm // 45 mm
Trail // 72 mm // 64 mm // 59 mm // 59 mm // 59 mm // 59 mm
Stack // 517 mm // 528 mm // 545 mm // 562 mm // 581 mm // 596 mm
Reach // 376 mm // 383 mm // 388 mm // 393 mm // 402 mm // 412 mm
Top Tube Length // 520 mm // 535 mm // 550 mm // 565 mm // 580 mm // 600 mm
Seat Tube Angle // 74.5 ° // 74 ° // 73.5 ° // 73 ° // 73 ° // 72.5 °
Seat Tube Length // 425 mm // 445 mm // 470 mm // 500 mm // 530 mm // 560 mm
Head Tube Angle // 71 ° // 72.3 ° // 73.5 ° // 73 ° // 73 ° // 72.5 °
Head Tube Length // 120 mm // 130 mm // 145 mm // 165 mm // 185 mm // 200 mm
Chainstay Length // 405 mm // 405 mm // 405 mm // 405 mm // 405 mm // 405 mm
Wheelbase // 976 mm // 977 mm // 980 mm // 991 mm // 1006 mm // 1020 mm
Bottom Bracket Drop // 72 mm // 69 mm // 69 mm // 67 mm // 67 mm // 67 mm
Standover Height // 703 mm // 722 mm // 743 mm // 771 mm // 798 mm // 822 mm
Wheels // 700 // 700 // 700 // 700 // 700 // 700
Rider Min Height // 157 cm // 165 cm // 171 cm // 177 cm // 183 cm // 189 cm
Rider Max Height // 169 cm // 175 cm // 181 cm // 187 cm // 193 cm // 199 cm",xs,157cm - 169cm,sm,165cm - 175cm,md,171cm - 181cm,md/lg,177cm - 187cm,lg,183cm - 193cm,xl,189cm - 199cm,,,,,,,,,,,,,https://bikes.fan/giant-tcr-advanced-1-pc-2025/,,1.4175,267.5,590,45,59,553.5,390.5,557.5,73.25,485,73.25,155,405,985.5,68,757,700,174,184,,,"Giant TCR, Advanced 1 PC  2025","Giant TCR, Advanced 1 PC  2025 is a great bike. Amaing bike to ride. All weather. Fast and reliable. Few lines like these will be added. Short paragraph. The lines will be 3-4 in total. It will talk about the bike and its performance. Summary of it all.",2,Race specific,8,Extreme value,2,Weak build,8,Non aero,2,Mountain,4,Smooth,3,Aggressive,38,8,Highly responsive,Everyday city bike,3,Low,4,Everyday,Road,6,Everyday
10,Giant,"TCR, Advanced 0 AXS ",2025,3835,,Road,Race,Carbon,,,700c,Rival AXS,,Rigid,,,2 × 12 Electronic,Hydraulic Disc,"SRAM Rival AXS hydraulic, SRAM PaceLine rotors [F]160mm, [R]140mm",Sapim Sprint,SRAM Rival AXS,Giant Contact AeroLight,Giant Contact,"Advanced-Grade Composite, 12x142mm thru-axle, disc","Advanced-Grade Composite, full-composite OverDrive steerer, 12x100mm thru-axle, disc",,SRAM Rival AXS,SRAM Rival AXS,SRAM Rival AXS,"SRAM Rival, 12-speed, 10x36","SRAM Rival, 33/46 XS, S:170mm, M, M/L:172.5mm, L, XL:175mm","SRAM DUB, press fit",SRAM Rival D1,,"[F] Giant Low Friction Hub, CenterLock, 12mm thru-axle [R] Giant Low Friction Hub, 30t pawl driver, CenterLock, 12mm thru-axle","[F] Giant Low Friction Hub, CenterLock, 12mm thru-axle [R] Giant Low Friction Hub, 30t pawl driver, CenterLock, 12mm thru-axle",Stratus Lite 3.0,Giant Approach,"Giant Variant, composite, -5/+15mm offset",,,,"Giant SLR 2 36 Carbon Disc WheelSystem, [F] 36mm, [R] 36mm","Giant Gavia Course 1, tubeless, 700x25c (28mm), 60 TPI, folding","https://bikes.fan/wp-content/uploads/bike_images/giant-tcr-advanced-0-axs-2025.jpeg, https://bikes.fan/wp-content/uploads/bike_images/giant-tcr-advanced-0-axs-2025-1.jpeg, https://bikes.fan/wp-content/uploads/bike_images/giant-tcr-advanced-0-axs-2025-2.jpeg, https://bikes.fan/wp-content/uploads/bike_images/giant-tcr-advanced-0-axs-2025-3.jpeg, https://bikes.fan/wp-content/uploads/bike_images/giant-tcr-advanced-0-axs-2025-4.jpeg, https://bikes.fan/wp-content/uploads/bike_images/giant-tcr-advanced-0-axs-2025-5.jpeg","Size // XS // SM // MD // MD/LG // LG // XL
Stack Reach Ratio // 1.375 mm // 1.379 mm // 1.405 mm // 1.43 mm // 1.445 mm // 1.447 mm
Bottom Bracket Height // 264 mm // 266 mm // 266 mm // 269 mm // 269 mm // 269 mm
Front Center // 582 mm // 582 mm // 585 mm // 595 mm // 610 mm // 624 mm
Rake // 45 mm // 45 mm // 45 mm // 45 mm // 45 mm // 45 mm
Trail // 72 mm // 64 mm // 59 mm // 59 mm // 59 mm // 59 mm
Stack // 517 mm // 528 mm // 545 mm // 562 mm // 581 mm // 596 mm
Reach // 376 mm // 383 mm // 388 mm // 393 mm // 402 mm // 412 mm
Top Tube Length // 520 mm // 535 mm // 550 mm // 565 mm // 580 mm // 600 mm
Seat Tube Angle // 74.5 ° // 74 ° // 73.5 ° // 73 ° // 73 ° // 72.5 °
Seat Tube Length // 425 mm // 445 mm // 470 mm // 500 mm // 530 mm // 560 mm
Head Tube Angle // 71 ° // 72.3 ° // 73.5 ° // 73 ° // 73 ° // 72.5 °
Head Tube Length // 120 mm // 130 mm // 145 mm // 165 mm // 185 mm // 200 mm
Chainstay Length // 405 mm // 405 mm // 405 mm // 405 mm // 405 mm // 405 mm
Wheelbase // 976 mm // 977 mm // 980 mm // 991 mm // 1006 mm // 1020 mm
Bottom Bracket Drop // 72 mm // 69 mm // 69 mm // 67 mm // 67 mm // 67 mm
Standover Height // 703 mm // 722 mm // 743 mm // 771 mm // 798 mm // 822 mm
Wheels // 700 // 700 // 700 // 700 // 700 // 700
Rider Min Height // 157 cm // 165 cm // 171 cm // 177 cm // 183 cm // 189 cm
Rider Max Height // 169 cm // 175 cm // 181 cm // 187 cm // 193 cm // 199 cm",xs,157cm - 169cm,sm,165cm - 175cm,md,171cm - 181cm,md/lg,177cm - 187cm,lg,183cm - 193cm,xl,189cm - 199cm,,,,,,,,,,,,,https://bikes.fan/giant-tcr-advanced-0-axs-2025/,,1.4175,267.5,590,45,59,553.5,390.5,557.5,73.25,485,73.25,155,405,985.5,68,757,700,174,184,,,"Giant TCR, Advanced 0 AXS  2025","Giant TCR, Advanced 0 AXS  2025 is a great bike. Amaing bike to ride. All weather. Fast and reliable. Few lines like these will be added. Short paragraph. The lines will be 3-4 in total. It will talk about the bike and its performance. Summary of it all.",3,Versatile,7,Low value,9,Strong build,9,Aero,3,City climbs,10,None,8,Relaxed,38,1,Low,Budget race bike,3,Race speed,4,Race aggressive,All terrain,5,Race aggressive
11,Giant,"TCR Advanced, Pro 1 AXS ",2025,4812,,Road,Race,Carbon,,,700c,"Rival AXS, Giant",,Rigid,,,2 × 12 Electronic,Hydraulic Disc,"SRAM Rival AXS hydraulic, SRAM PaceLine rotors [F]160mm, [R]140mm",Sapim CX-Ray,SRAM Rival AXS,Giant Contact SL AeroLight,Giant Contact SL,"Advanced-Grade Composite, 12x142mm thru-axle, disc","Advanced-grade composite, full-composite D-shaped OverDrive Aero steerer, 12x100mm thru-axle, disc",,SRAM Rival AXS,SRAM Rival AXS,SRAM Rival AXS,"SRAM Rival, 12-speed, 10x36","SRAM Rival, 35/48 with Giant Power Halo power meter XS, S:170mm, M, M/L:172.5mm, L, XL:175mm","SRAM DUB, press fit",SRAM Rival D1,,"[F] Giant Low Friction Hub, CenterLock, 12mm thru-axle [R] Giant Low Friction Hub, 40t ratchet driver, CenterLock, 12mm thru-axle","[F] Giant Low Friction Hub, CenterLock, 12mm thru-axle [R] Giant Low Friction Hub, 40t ratchet driver, CenterLock, 12mm thru-axle",Stratus Lite 2.0,Giant Fleet SL,"Giant Variant, composite, -5/+15mm offset",,,,"Giant SLR 1 40 Carbon Disc WheelSystem, [F] 40mm, [R] 40mm","Giant Gavia Course 0, tubeless, 700x25c (28mm), 170 TPI, folding","https://bikes.fan/wp-content/uploads/bike_images/giant-tcr-advanced-pro-1-axs-2025.jpeg, https://bikes.fan/wp-content/uploads/bike_images/giant-tcr-advanced-pro-1-axs-2025-1.jpeg, https://bikes.fan/wp-content/uploads/bike_images/giant-tcr-advanced-pro-1-axs-2025-2.jpeg, https://bikes.fan/wp-content/uploads/bike_images/giant-tcr-advanced-pro-1-axs-2025-3.jpeg, https://bikes.fan/wp-content/uploads/bike_images/giant-tcr-advanced-pro-1-axs-2025-4.jpeg, https://bikes.fan/wp-content/uploads/bike_images/giant-tcr-advanced-pro-1-axs-2025-5.jpeg, https://bikes.fan/wp-content/uploads/bike_images/giant-tcr-advanced-pro-1-axs-2025-6.jpeg, https://bikes.fan/wp-content/uploads/bike_images/giant-tcr-advanced-pro-1-axs-2025-7.jpeg, https://bikes.fan/wp-content/uploads/bike_images/giant-tcr-advanced-pro-1-axs-2025-8.jpeg, https://bikes.fan/wp-content/uploads/bike_images/giant-tcr-advanced-pro-1-axs-2025-9.jpeg, https://bikes.fan/wp-content/uploads/bike_images/giant-tcr-advanced-pro-1-axs-2025-10.jpeg, https://bikes.fan/wp-content/uploads/bike_images/giant-tcr-advanced-pro-1-axs-2025-11.jpeg","Size // XS // SM // MD // MD/LG // LG // XL
Stack Reach Ratio // 1.375 mm // 1.379 mm // 1.405 mm // 1.43 mm // 1.445 mm // 1.447 mm
Bottom Bracket Height // 264 mm // 266 mm // 266 mm // 269 mm // 269 mm // 269 mm
Front Center // 582 mm // 582 mm // 585 mm // 595 mm // 610 mm // 624 mm
Rake // 45 mm // 45 mm // 45 mm // 45 mm // 45 mm // 45 mm
Trail // 72 mm // 64 mm // 59 mm // 59 mm // 59 mm // 59 mm
Stack // 517 mm // 528 mm // 545 mm // 562 mm // 581 mm // 596 mm
Reach // 376 mm // 383 mm // 388 mm // 393 mm // 402 mm // 412 mm
Top Tube Length // 520 mm // 535 mm // 550 mm // 565 mm // 580 mm // 600 mm
Seat Tube Angle // 74.5 ° // 74 ° // 73.5 ° // 73 ° // 73 ° // 72.5 °
Seat Tube Length // 425 mm // 445 mm // 470 mm // 500 mm // 530 mm // 560 mm
Head Tube Angle // 71 ° // 72.3 ° // 73.5 ° // 73 ° // 73 ° // 72.5 °
Head Tube Length // 120 mm // 130 mm // 145 mm // 165 mm // 185 mm // 200 mm
Chainstay Length // 405 mm // 405 mm // 405 mm // 405 mm // 405 mm // 405 mm
Wheelbase // 976 mm // 977 mm // 980 mm // 991 mm // 1006 mm // 1020 mm
Bottom Bracket Drop // 72 mm // 69 mm // 69 mm // 67 mm // 67 mm // 67 mm
Standover Height // 703 mm // 722 mm // 743 mm // 771 mm // 798 mm // 822 mm
Wheels // 700 // 700 // 700 // 700 // 700 // 700
Rider Min Height // 157 cm // 165 cm // 171 cm // 177 cm // 183 cm // 189 cm
Rider Max Height // 169 cm // 175 cm // 181 cm // 187 cm // 193 cm // 199 cm",xs,157cm - 169cm,sm,165cm - 175cm,md,171cm - 181cm,md/lg,177cm - 187cm,lg,183cm - 193cm,xl,189cm - 199cm,,,,,,,,,,,,,https://bikes.fan/giant-tcr-advanced-pro-1-axs-2025/,,1.4175,267.5,590,45,59,553.5,390.5,557.5,73.25,485,73.25,155,405,985.5,68,757,700,174,184,,,"Giant TCR Advanced, Pro 1 AXS  2025","Giant TCR Advanced, Pro 1 AXS  2025 is a great bike. Amaing bike to ride. All weather. Fast and reliable. Few lines like these will be added. Short paragraph. The lines will be 3-4 in total. It will talk about the bike and its performance. Summary of it all.",5,Race specific,6,Extreme value,8,Weak build,6,Aero race,6,Mountain,8,Smooth,10,Aggressive,30,9,Highly responsive,Everyday city bike,8,Medium,7,Everyday,Mountain,5,Everyday